Gene,Count,Variation
BRCA1,15,"['Y105C' 'L52F' 'I21V' 'R170Q' 'P142H' 'G1706A' 'S153R' 'D67Y' 'V271L'
 'S1651F']"
MTOR,11,"['D2512G' 'R2430M' 'R2505Q' 'A41P' 'F1888V' 'S2215T' 'T1977S' 'P2476L'
 'D2512Y' 'R2505*']"
ALK,10,"['T1087I' 'A1200V' 'L1204F' 'A1099T' 'G1286R' 'R1060H' 'D1270G' 'R1231Q'
 'R1464*' 'I1183T']"
PDGFRA,9,['N870S' 'H570R' 'E996K' 'G829R' 'A633V' 'I562M' 'K830R' 'I834V' 'D1071N']
FLT3,7,['T167A' 'D324N' 'V557I' 'G831E' 'M737I' 'V194M' 'Y364H']
TSC1,6,['R246K' 'T417I' 'G305W' 'G305R' 'G1035S' 'R1097H']
PTEN,5,['A121V' 'K125R' 'T131S' 'I122V' 'V369G']
ERBB4,3,['V348L' 'T244R' 'N181S']
AKT1,3,['Q59E' 'L362R' 'L202F']
ESR1,2,['V534E' 'S432L']
TP53,2,['G334R' 'P47S']
TMPRSS2,2,['T75M' 'M160V']
PMS2,1,['I18V']
SOX9,1,['A19V']
SMAD3,1,['Y237A']